100,2815,1,6,0.419048
90,2731,1,6,0.533333
70,3839,0,6,0.419048
90,679,0,5,1.6
60,1017,0,5,1.9
90,4074,0,6,1.55235e-25
100,3733,0,6,0.533333
80,3770,0,6,0.419048
100,3071,1,6,0.47619
100,4074,1,6,0.342857
100,4095,1,6,2.11778e-27
100,4074,1,6,0.342857
100,937,0,5,0.4
100,3835,1,6,1.33333
100,4076,1,5,0.7
60,2978,0,5,0.202703
100,111,1,4,0.3
100,4091,1,6,0.704762
100,4035,1,4,1.0732e-27
100,4010,1,6,0.419048
100,3562,1,6,2.70476
100,4095,1,6,2.11778e-27
100,4009,1,6,0.419048
100,2735,1,6,0.419048
80,2746,1,6,0.419048
70,2799,0,6,1.37143
100,1001,1,5,0.3
100,2815,1,6,0.419048
100,4095,1,6,2.11778e-27
100,4095,1,6,2.11778e-27
100,2876,1,4,0.35
100,1023,1,5,6.27647e-19
80,1468,0,5,0.3
100,2815,1,6,0.419048
100,4005,1,6,0.342857
100,3839,1,6,0.704762
100,4090,1,6,0.419048
100,4094,1,6,0.47619
100,2751,1,6,0.342857
100,4095,1,6,2.11778e-27
100,3818,1,6,0.819048
100,3903,1,5,7.52623e-28
70,3753,0,6,1.09918e-19
60,2965,0,6,0.419048
60,3306,0,5,0.202703
100,249,1,4,0.3
90,3050,1,6,0.47619
80,3978,0,5,0.27907
80,3903,0,5,0.174419
100,4095,0,6,2.11778e-27
70,1390,0,6,0.419048
100,4074,1,6,0.342857
100,4074,0,6,0.342857
100,1454,1,6,1.10476
100,4073,0,6,0.533333
100,4095,1,6,2.11778e-27
90,2794,0,6,0.419048
100,4095,0,6,2.11778e-27
60,1707,0,6,1.09918e-19
60,1016,0,4,0.3
100,4094,1,6,0.47619
100,3839,1,6,0.704762
100,4095,1,6,2.11778e-27
100,3058,1,5,1.17568
100,4095,1,6,2.11778e-27
100,4027,0,6,1.27619
80,287,0,4,1.88571
70,684,0,4,0.3
90,3739,0,6,2.41905
90,3050,1,6,0.47619
100,4010,1,6,0.419048
100,2815,1,6,0.419048
100,4095,1,6,2.11778e-27
80,1711,0,6,1.10476
90,4095,1,6,0.342857
100,2815,1,6,0.419048
100,3071,1,6,0.47619
100,4080,0,4,9.98402e-31
100,4010,1,6,0.419048
80,1398,0,6,1.94286
100,2735,1,6,0.419048
60,2987,0,6,0.419048
90,1770,1,6,1.08571
100,3536,0,4,3.2
80,1727,0,6,0.47619
100,2751,1,6,0.342857
90,4074,0,6,1.55235e-25
90,4057,0,6,0.819048
100,4095,1,6,2.11778e-27
100,2751,1,6,0.342857
100,4095,1,6,2.11778e-27
100,4095,1,6,2.11778e-27
100,3995,0,6,3.10476
100,2731,0,6,0.47619
100,3307,0,5,1.06757
100,3754,0,6,0.47619
90,4079,1,6,0.419048
80,4095,1,6,0.342857
100,4095,1,6,2.11778e-27
100,4095,1,6,2.11778e-27
100,1707,1,6,0.571429
90,3071,1,6,0.533333
100,2091,1,4,0.464286
100,933,1,5,0.3
100,4005,1,6,0.342857
80,2622,1,5,0.465116
100,2986,1,6,0.704762
70,953,0,5,0.8
80,3757,1,6,1.67619
100,3498,0,6,1.94286
100,4095,1,6,2.11778e-27
100,4095,1,6,2.11778e-27
100,2794,1,6,0.819048
100,1708,1,5,0.4
60,2987,0,6,0.419048
100,848,0,3,0.666667
100,3077,0,3,0.0952381
100,4095,1,6,2.11778e-27
80,3068,0,5,1.1
100,4095,1,6,2.11778e-27
100,2047,0,6,1.90476
70,201,0,3,0.0714286
100,1878,1,6,3.48571
60,87,0,4,0.3
100,4095,0,6,2.11778e-27
100,3754,1,6,0.47619
90,2803,1,5,0.689189
100,3753,1,6,0.571429
100,2734,1,6,0.704762
100,938,1,5,0.4
80,2738,0,5,0.27027
100,4090,1,6,0.419048
100,2735,1,6,0.419048
100,4095,1,6,2.11778e-27
100,2811,1,6,1.14286
100,4095,1,6,2.11778e-27
100,4095,1,6,2.11778e-27
100,4068,0,5,0.7
60,364,0,4,0.3
100,3002,1,6,1.27619
100,4095,1,6,2.11778e-27
60,2277,0,5,1.08108
100,3071,1,6,0.47619
100,4010,1,6,0.419048
100,2751,1,6,0.342857
100,1707,1,6,0.571429
100,2986,1,6,0.704762
100,4083,1,5,1.14782e-26
100,3003,0,6,1.37143
100,4047,1,5,3.7216e-27
100,4095,1,6,2.11778e-27
100,4080,1,4,9.98402e-31
60,4006,0,6,0.533333
100,3968,0,3,0.166667
100,1443,0,5,0.202703
100,234,1,4,0.3
90,4074,0,6,1.55235e-25
100,4004,0,5,0.3
100,2731,0,6,0.47619
70,2749,0,6,1.67619
100,3009,0,4,1.60714
100,2750,0,6,1.10476
100,4094,1,6,0.47619
100,4095,1,6,2.11778e-27
100,4095,1,6,2.11778e-27
100,4095,1,6,2.11778e-27
100,4095,1,6,2.11778e-27
100,4091,1,6,0.704762
100,1451,0,6,0.419048
100,1023,1,5,6.27647e-19
90,4091,0,6,0.819048
90,3306,0,5,2.14601e-10
80,2750,0,6,0.47619
100,4095,0,6,2.11778e-27
80,2687,0,6,0.819048
100,2748,0,5,0.3
60,4070,0,6,0.419048
100,3593,0,4,0.529412
100,3071,1,6,0.47619
100,4005,0,6,0.342857
90,3861,0,5,0.174419
100,4031,1,6,0.819048
100,4095,1,6,2.11778e-27
80,3983,1,5,0.360465
100,4010,1,6,0.419048
90,2799,1,6,0.342857
100,3978,1,5,0.360465
80,191,1,4,1.59338e-26
60,1707,0,6,1.09918e-19
80,1471,1,6,0.419048
100,4074,1,6,0.342857
90,4074,1,6,1.55235e-25
90,4074,0,6,1.55235e-25
100,4005,0,6,0.342857
100,3754,0,6,0.47619
80,1856,0,3,2.66667
100,2794,0,6,0.819048
80,1023,1,5,0.3
100,3241,1,5,0.310811
100,4092,1,5,6.51693e-26
100,3754,1,6,0.47619
70,2935,1,6,7.10476
80,309,0,4,1.88571
100,2608,0,3,0.0714286
90,4091,1,6,0.819048
100,3067,1,6,1.27619
100,4074,1,6,0.342857
100,4095,1,6,2.11778e-27
100,2815,1,6,0.419048
100,3839,1,6,0.704762
80,3771,0,6,1.08571
80,1391,0,6,0.419048
70,253,0,4,0.3
100,3237,1,5,0.202703
80,4030,1,6,0.419048
80,3775,1,6,0.47619
100,3787,1,5,1.19767
100,4095,0,6,2.11778e-27
100,4009,1,6,0.419048
100,3989,1,6,0.704762
90,2731,1,6,0.533333
80,2750,1,6,0.47619
100,2800,0,4,0.2
100,4010,1,6,0.419048
70,61,0,3,0.166667
100,2815,1,6,0.419048
100,1023,0,5,6.27647e-19
100,4090,1,6,0.419048
100,4095,1,6,2.11778e-27
100,4000,1,4,0.2
90,2794,1,6,0.419048
80,959,0,5,0.4
100,4074,1,6,0.342857
100,4074,1,6,0.342857
100,4095,1,6,2.11778e-27
100,2747,1,6,0.819048
100,2815,1,6,0.419048
90,2735,1,6,0.704762
100,4091,1,6,0.704762
100,1712,0,4,0.2
100,2735,1,6,0.419048
90,3984,0,4,0.2
100,1707,1,6,0.571429
100,1707,1,6,0.571429
100,4094,1,6,0.47619
100,4074,1,6,0.342857
100,2731,1,6,0.47619
100,1023,0,5,6.27647e-19
100,824,1,3,0.285714
100,4095,1,6,2.11778e-27
100,4095,1,6,2.11778e-27
100,4095,1,6,2.11778e-27
60,3068,0,5,2.51704e-20
100,190,0,4,1
80,1215,0,5,0.27027
60,4074,0,6,0.342857
80,2751,0,6,5.59805e-26
100,4095,0,6,2.11778e-27
80,2746,1,6,0.419048
100,4090,1,6,0.419048
90,2789,0,6,1.33333
70,1022,0,5,6.72808e-18
100,62,0,3,0.166667
100,1711,1,6,0.419048
100,4090,1,6,0.419048
100,4092,1,5,6.51693e-26
100,1279,0,5,1.08108
100,4009,1,6,0.419048
80,3692,0,5,1.9
90,2287,1,5,0.202703
90,3984,0,4,0.2
100,810,1,4,0.171429
100,3007,1,6,0.819048
60,27,0,3,0.166667
100,2986,1,6,0.704762
100,2794,1,6,0.819048
100,4095,1,6,2.11778e-27
60,923,0,5,1.6
80,3770,0,6,0.419048
100,1451,1,6,0.419048
90,1023,1,5,0.3
80,4095,0,6,0.342857
100,2699,0,5,0.406977
100,175,0,4,0.2
100,238,0,4,0.8
100,2794,1,6,0.819048
100,4095,1,6,2.11778e-27
100,1455,1,6,0.342857
100,4094,0,6,0.47619
100,4095,1,6,2.11778e-27
100,1455,1,6,0.342857
80,3839,1,6,0.819048
90,4075,1,6,0.47619
100,4074,1,6,0.342857
100,4009,1,6,0.419048
100,4009,1,6,0.419048
100,1727,1,6,0.533333
100,3113,1,4,0.214286
80,2750,1,6,0.47619
80,3770,0,6,0.419048
60,2982,0,6,0.342857
80,3686,1,6,1.67619
100,937,1,5,0.4
100,3753,1,6,0.571429
100,4010,1,6,0.419048
100,4095,1,6,2.11778e-27
100,2990,1,6,1.33333
100,1023,0,5,6.27647e-19
100,4095,1,6,2.11778e-27
60,1708,0,5,0.4
80,4095,1,6,0.342857
100,3733,1,6,0.533333
100,4095,1,6,2.11778e-27
90,2042,0,6,3.10476
60,796,0,3,2.57143
100,4095,1,6,2.11778e-27
100,3754,1,6,0.47619
80,2751,0,6,5.59805e-26
90,912,0,3,0.166667
100,4078,1,6,0.819048
100,4074,1,6,0.342857
60,3068,0,5,2.51704e-20
100,2751,1,6,0.342857
70,3753,0,6,1.09918e-19
100,4095,1,6,2.11778e-27
90,62,0,3,0.166667
100,255,1,4,1.62096e-27
100,3855,1,4,2.15943e-27
100,3071,1,6,0.47619
100,2735,1,6,0.419048
100,4064,0,4,0.300002
100,234,0,4,0.3
80,4094,1,6,0.533333
70,2734,0,6,0.419048
90,2799,0,6,0.342857
100,3749,1,6,0.419048
100,4095,0,6,2.11778e-27
100,4095,1,6,2.11778e-27
100,1471,0,6,0.704762
100,2751,1,6,0.342857
100,4031,1,6,0.819048
100,1451,0,6,0.419048
100,2732,1,5,0.4
100,4095,1,6,2.11778e-27
100,1451,1,6,0.419048
70,1017,0,5,0.3
70,764,0,4,0.3
60,3018,0,5,0.511628
100,3010,0,4,0.928571
70,3753,0,6,1.09918e-19
100,4010,1,6,0.419048
100,2735,1,6,0.419048
90,413,0,5,3.2
100,3071,1,6,0.47619
100,4095,0,6,2.11778e-27
100,4095,0,6,2.11778e-27
100,702,1,5,1.1
80,4010,0,6,0.704762
90,229,0,4,0.2
100,4095,0,6,2.11778e-27
100,4095,0,6,2.11778e-27
70,3774,0,6,0.342857
80,3327,0,5,0.324324
100,751,0,5,0.8
100,1387,1,6,0.533333
60,3019,0,5,0.174419
100,4005,1,6,0.342857
100,914,0,4,1.54286
80,3206,0,4,1.18644
60,3043,0,5,0.324324
80,1387,0,6,0.47619
100,4095,0,6,2.11778e-27
100,4095,1,6,2.11778e-27
100,4094,1,6,0.47619
90,3024,0,4,1
100,4095,1,6,2.11778e-27
100,4095,1,6,2.11778e-27
60,3940,0,5,1.9
100,4010,1,6,0.419048
100,107,1,4,0.2
100,4095,1,6,2.11778e-27
100,4095,1,6,2.11778e-27
100,2731,1,6,0.47619
100,4005,1,6,0.342857
100,2991,1,6,1.14286
100,2984,1,5,0.7
100,3881,1,5,0.267442
80,4031,1,6,0.419048
90,4069,0,6,0.419048
100,4015,1,6,1.33333
100,3839,1,6,0.704762
100,3002,1,6,1.27619
100,4010,1,6,0.419048
100,2747,1,6,0.819048
100,4005,1,6,0.342857
100,1455,1,6,0.342857
100,4080,1,4,9.98402e-31
100,4095,1,6,2.11778e-27
100,4095,1,6,2.11778e-27
100,111,0,4,0.3
80,4026,1,6,0.342857
100,3754,1,6,0.47619
100,43,0,3,0.166667
100,4095,1,6,2.11778e-27
100,3822,1,6,1.37143
100,4010,1,6,0.419048
100,684,0,4,0.3
90,3740,0,5,2.8
70,1022,0,5,6.72808e-18
100,1675,1,5,0.546512
100,4004,1,5,0.3
60,3536,0,4,4.3
100,750,1,5,1.2
100,4030,1,6,1.10476
100,3001,1,6,2.13333
100,1023,1,5,6.27647e-19
100,2731,1,6,0.47619
100,4095,0,6,2.11778e-27
90,3305,0,5,0.472973
80,4026,1,6,0.342857
100,3754,1,6,0.47619
100,4095,1,6,2.11778e-27
100,1547,1,4,0.529412
100,4014,1,6,1.14286
100,2754,1,4,0.75
80,4026,1,6,0.342857
60,761,0,5,3.5
80,4026,1,6,0.342857
90,4095,1,6,0.342857
100,4095,1,6,2.11778e-27
100,4095,1,6,2.11778e-27
100,1023,1,5,6.27647e-19
100,4095,1,6,2.11778e-27
100,1023,1,5,6.27647e-19
100,3071,1,6,0.47619
100,2746,1,6,0.819048
100,4095,1,6,2.11778e-27
100,3003,0,6,1.37143
100,2020,0,5,3.9
100,1726,0,6,1.67619
100,4073,1,6,0.533333
100,1452,1,5,0.3
100,4095,1,6,2.11778e-27
100,2994,0,5,1.18919
100,2731,1,6,0.47619
100,4031,0,6,0.819048
100,4095,1,6,2.11778e-27
100,3855,1,4,2.15943e-27
60,3051,0,6,0.342857
60,2984,0,5,0.3
90,2603,0,5,0.267442
70,3732,0,5,0.3
100,1928,0,4,1.88571
70,2367,1,5,0.418605
100,4005,1,6,0.342857
100,4095,1,6,2.11778e-27
100,2731,1,6,0.47619
60,3835,0,6,1.90476
100,4095,0,6,2.11778e-27
90,4079,1,6,0.419048
100,3816,1,5,0.8
100,2047,1,6,1.90476
100,4095,1,6,2.11778e-27
100,4095,1,6,2.11778e-27
100,2815,1,6,0.419048
100,4095,1,6,2.11778e-27
90,4079,0,6,0.419048
90,2020,0,5,2.8
100,4042,0,5,0.174419
100,2746,0,6,0.819048
100,4095,0,6,2.11778e-27
100,2815,0,6,0.419048
90,4053,1,6,0.342857
80,1007,0,5,1.9
100,228,0,3,1.36575e-22
80,4095,0,6,0.342857
100,2747,1,6,0.819048
100,3754,1,6,0.47619
100,4092,1,5,6.51693e-26
100,1451,1,6,0.419048
100,4091,1,6,0.704762
100,2735,0,6,0.419048
100,3753,1,6,0.571429
100,2751,1,6,0.342857
60,4070,0,6,0.419048
100,700,0,4,0.2
100,3754,0,6,0.47619
90,2607,0,5,0.27907
100,1471,0,6,0.704762
100,853,1,5,1.6
100,3071,1,6,0.47619
80,1724,0,5,0.4
100,1023,0,5,6.27647e-19
100,4095,0,6,2.11778e-27
100,3749,0,6,0.419048
80,3770,1,6,0.419048
100,4005,1,6,0.342857
90,4074,0,6,1.55235e-25
80,1726,0,6,1.33333
100,4091,1,6,0.704762
100,3822,1,6,1.37143
100,4010,1,6,0.419048
100,2191,1,4,0.169492
100,4074,1,6,0.342857
100,3007,1,6,0.819048
60,3240,0,4,0.685714
100,4005,1,6,0.342857
80,4030,0,6,0.419048
100,4095,0,6,2.11778e-27
100,3978,1,5,0.360465
100,2731,1,6,0.47619
100,3749,0,6,0.419048
100,1451,0,6,0.419048
100,4091,1,6,0.704762
100,4074,1,6,0.342857
100,4095,0,6,2.11778e-27
100,4095,1,6,2.11778e-27
100,4090,1,6,0.419048
100,4074,1,6,0.342857
80,2751,1,6,5.59805e-26
80,2751,0,6,5.59805e-26
100,4095,1,6,2.11778e-27
100,2735,1,6,0.419048
100,1461,1,6,3.48571
100,4090,1,6,0.419048
100,4095,1,6,2.11778e-27
100,4090,1,6,0.419048
80,703,1,5,3.28996e-18
60,2987,0,6,0.419048
70,1017,0,5,0.3
100,4090,1,6,0.419048
90,4095,1,6,0.342857
90,3733,1,6,0.47619
60,3299,0,4,0.423077
90,2795,0,6,0.419048
100,2747,1,6,0.819048
100,4009,1,6,0.419048
100,2703,1,5,0.174419
100,1451,1,6,0.419048
100,2739,1,5,0.324324
70,1022,0,5,6.72808e-18
60,3068,0,5,2.51704e-20
100,933,1,5,0.3
100,1455,0,6,0.342857
90,3311,0,5,0.418919
100,1167,0,4,0.101695
100,2731,0,6,0.47619
100,4095,0,6,2.11778e-27
70,2478,0,6,0.342857
90,4095,1,6,0.342857
100,2731,0,6,0.47619
100,2742,0,6,1.94286
100,4088,0,5,0.4
100,4090,0,6,0.419048
100,4010,0,6,0.419048
80,2750,1,6,0.47619
80,1391,0,6,0.419048
70,1759,0,6,4.53333
100,255,0,4,1.62096e-27
100,43,0,3,0.166667
100,306,1,3,1.5
100,3071,1,6,0.47619
90,3477,0,6,1.94286
80,4026,0,6,0.342857
100,3839,1,6,0.704762
100,1718,0,6,2.70476
100,2815,1,6,0.419048
100,3003,0,6,1.37143
100,4095,1,6,2.11778e-27
100,4095,1,6,2.11778e-27
100,4027,0,6,1.27619
100,4095,0,6,2.11778e-27
100,207,1,3,3.82303e-26
80,4095,1,6,0.342857
100,255,0,4,1.62096e-27
80,378,0,5,0.8
100,3968,0,3,0.166667
100,4095,1,6,2.11778e-27
90,238,0,4,0.7
100,4095,1,6,2.11778e-27
90,2794,0,6,0.419048
100,3754,1,6,0.47619
100,255,1,4,1.62096e-27
100,4009,1,6,0.419048
90,4057,0,6,0.819048
80,3651,0,4,1.71429
100,3818,1,6,0.819048
100,3327,1,5,7.15337e-11
100,3736,1,5,1.1
100,4095,1,6,2.11778e-27
100,4095,1,6,2.11778e-27
100,4095,1,6,2.11778e-27
70,2495,0,6,0.419048
90,2799,0,6,0.342857
100,2986,0,6,0.704762
80,4026,0,6,0.342857
100,3068,0,5,0.4
100,1707,1,6,0.571429
100,4090,1,6,0.419048
100,4095,1,6,2.11778e-27
100,3754,1,6,0.47619
100,4095,1,6,2.11778e-27
100,4095,1,6,2.11778e-27
100,3071,1,6,0.47619
100,4095,1,6,2.11778e-27
100,4009,1,6,0.419048
70,3839,0,6,0.419048
80,2751,1,6,5.59805e-26
100,1711,0,6,0.419048
100,4000,1,4,0.2
100,1397,0,6,3.27619
100,3733,0,6,0.533333
100,3003,0,6,1.37143
100,2735,1,6,0.419048
100,2978,1,5,0.702703
100,3775,0,6,1.10476
60,1707,0,6,1.09918e-19
100,3891,1,4,2.78458e-26
100,4027,1,6,1.27619
100,4095,0,6,2.11778e-27
60,347,0,5,0.3
100,4092,1,5,6.51693e-26
100,4094,1,6,0.47619
100,2735,1,6,0.419048
70,3770,0,6,0.819048
100,3327,1,5,7.15337e-11
100,2970,0,6,1.77143
80,1015,0,5,3.5
100,4095,1,6,2.11778e-27
100,4095,1,6,2.11778e-27
100,4083,1,5,1.14782e-26
60,2711,0,6,1.67619
70,3753,0,6,1.09918e-19
70,3809,0,5,0.797297
60,3051,0,6,0.342857
100,2751,1,6,0.342857
100,4010,1,6,0.419048
90,2928,0,4,4.2
70,3753,0,6,1.09918e-19
60,2303,0,5,0.472973
80,2751,0,6,5.59805e-26
80,2751,0,6,5.59805e-26
80,2751,1,6,5.59805e-26
80,2732,1,5,0.7
80,1390,0,6,0.704762
100,4090,1,6,0.419048
100,4067,0,5,0.756757
100,4095,1,6,2.11778e-27
100,2735,1,6,0.419048
100,4075,1,6,1.10476
100,2794,0,6,0.819048
60,31,0,3,1.5
80,4095,1,6,0.342857
60,4091,0,6,0.419048
100,638,0,5,2.4
100,2731,1,6,0.47619
100,3000,1,5,1.2
100,4010,1,6,0.419048
100,2815,1,6,0.419048
100,3978,1,5,0.360465
100,4095,1,6,2.11778e-27
60,2981,0,6,0.533333
100,1707,0,6,0.571429
90,4079,1,6,0.419048
100,4094,0,6,0.47619
100,4095,0,6,2.11778e-27
100,4074,1,6,0.342857
100,4095,1,6,2.11778e-27
100,3951,0,6,3.48571
100,4095,1,6,2.11778e-27
100,4095,1,6,2.11778e-27
70,2798,0,6,1.27619
80,2496,0,3,1.5
100,191,0,4,0.3
100,57,0,3,4.38622e-19
100,4095,1,6,2.11778e-27
60,3040,0,4,0.3
100,2815,1,6,0.419048
90,4037,0,5,0.174419
90,2731,1,6,0.533333
100,4094,1,6,0.47619
100,4095,1,6,2.11778e-27
100,4095,1,6,2.11778e-27
100,4074,1,6,0.342857
100,4074,1,6,0.342857
80,2751,1,6,5.59805e-26
100,4010,1,6,0.419048
100,1423,1,5,0.27907
100,4094,1,6,0.47619
100,3877,1,5,0.27907
100,4095,1,6,2.11778e-27
100,4073,1,6,0.533333
90,4095,1,6,0.342857
80,4095,1,6,0.342857
60,255,0,4,0.3
100,4090,1,6,0.419048
100,3071,1,6,0.47619
100,2687,1,6,1.90476
100,4090,1,6,0.419048
100,3647,1,5,0.651163
60,108,0,3,2.06708e-18
100,249,1,4,0.3
90,2799,1,6,0.342857
100,367,1,5,0.4
80,4026,1,6,0.342857
80,3770,1,6,0.419048
100,4094,1,6,0.47619
100,3498,1,6,1.94286
90,2799,1,6,0.342857
100,4095,1,6,2.11778e-27
90,3055,1,6,0.419048
100,1711,1,6,0.419048
90,2799,1,6,0.342857
100,4080,1,4,9.98402e-31
100,3754,1,6,0.47619
100,4095,1,6,2.11778e-27
80,2751,0,6,5.59805e-26
100,942,1,5,1.1
100,2815,1,6,0.419048
100,3452,0,5,4.4
60,4092,0,5,0.4
100,4010,0,6,0.419048
90,2799,1,6,0.342857
100,3753,1,6,0.571429
100,4095,1,6,2.11778e-27
100,2873,1,5,2.04651
100,2981,1,6,1.10476
90,3903,1,5,0.174419
100,2815,1,6,0.419048
100,2734,1,6,0.704762
100,2815,1,6,0.419048
100,4095,1,6,2.11778e-27
100,3839,1,6,0.704762
100,4091,1,6,0.704762
100,4095,1,6,2.11778e-27
100,4095,1,6,2.11778e-27
100,4010,1,6,0.419048
90,3055,1,6,0.419048
90,3048,1,5,0.4
80,2747,1,6,0.704762
100,875,0,5,2.7
70,253,0,4,0.3
100,4005,0,6,0.342857
100,4092,0,5,6.51693e-26
100,3071,1,6,0.47619
100,4047,0,5,3.7216e-27
100,4095,1,6,2.11778e-27
100,4095,1,6,2.11778e-27
100,4027,0,6,1.27619
100,4095,1,6,2.11778e-27
100,4095,1,6,2.11778e-27
90,2815,1,6,0.704762
100,4095,1,6,2.11778e-27
100,4095,1,6,2.11778e-27
100,4010,0,6,0.419048
100,4095,1,6,2.11778e-27
100,1437,1,6,3.14286
100,3003,1,6,1.37143
100,683,0,5,0.4
100,4095,1,6,2.11778e-27
100,4095,1,6,2.11778e-27
100,2879,0,5,0.406977
100,4074,0,6,0.342857
100,4090,1,6,0.419048
100,1711,1,6,0.419048
70,2734,0,6,0.419048
100,2815,1,6,0.419048
100,4047,1,5,3.7216e-27
100,3754,1,6,0.47619
100,4095,1,6,2.11778e-27
90,3050,0,6,0.47619
100,4005,0,6,0.342857
100,1599,0,5,0.511628
60,108,0,3,2.06708e-18
100,2731,0,6,0.47619
80,3750,1,6,1.37143
100,4095,0,6,2.11778e-27
100,4010,1,6,0.419048
100,4092,1,5,6.51693e-26
100,2731,1,6,0.47619
100,853,0,5,1.6
100,3946,1,6,2.13333
100,3754,1,6,0.47619
90,3732,0,5,0.4
80,2733,1,6,1.77143
90,4073,1,6,0.47619
100,29,0,3,2.66667
80,2623,0,5,2.59917e-26
90,218,0,4,0.7
100,2735,1,6,0.419048
100,3834,1,6,1.14286
100,2949,0,5,0.976744
100,3071,1,6,0.47619
100,1451,1,6,0.419048
100,3755,1,6,1.33333
100,1455,1,6,0.342857
100,3996,0,5,2.8
90,3054,0,6,1.08571
60,2984,0,5,0.3
80,703,0,5,3.28996e-18
60,3114,0,4,0.178571
80,496,0,3,1.5
90,1962,0,6,1.77143
100,3903,1,5,7.52623e-28
100,4095,1,6,2.11778e-27
80,2751,0,6,5.59805e-26
100,2747,1,6,0.819048
80,3365,1,5,1.2907
100,2735,1,6,0.419048
100,1727,1,6,0.533333
100,1023,1,5,6.27647e-19
100,4022,1,6,1.90476
100,4094,1,6,0.47619
100,4095,1,6,2.11778e-27
100,4095,1,6,2.11778e-27
90,4075,0,6,0.47619
100,3668,0,5,0.7
100,4074,0,6,0.342857
100,1451,0,6,0.419048
90,4074,0,6,1.55235e-25
100,4010,1,6,0.419048
100,4095,0,6,2.11778e-27
100,3903,1,5,7.52623e-28
100,4095,0,6,2.11778e-27
100,1707,0,6,0.571429
60,1699,0,5,8.95109e-25
100,1711,1,6,0.419048
90,2731,1,6,0.533333
100,2986,1,6,0.704762
90,3712,0,3,0.166667
100,4095,1,6,2.11778e-27
100,3835,1,6,1.33333
100,4063,0,6,3.27619
100,4095,1,6,2.11778e-27
90,4079,0,6,0.419048
80,127,0,4,0.3
80,3754,1,6,0.533333
80,3770,1,6,0.419048
100,4074,1,6,0.342857
80,4031,1,6,0.419048
90,4075,0,6,0.47619
100,2991,1,6,1.14286
100,4095,1,6,2.11778e-27
100,2746,1,6,0.819048
100,3327,1,5,7.15337e-11
100,4074,1,6,0.342857
100,4088,0,5,0.4
80,3757,1,6,1.67619
100,4089,1,6,1.08571
100,2803,1,5,0.418919
100,3752,1,5,0.4
100,4095,1,6,2.11778e-27
100,3241,1,5,0.310811
70,3758,0,6,0.419048
100,1724,0,5,0.3
100,4005,1,6,0.342857
100,4095,1,6,2.11778e-27
100,4083,0,5,1.14782e-26
100,4095,1,6,2.11778e-27
100,2747,1,6,0.819048
80,4094,1,6,0.533333
100,1455,1,6,0.342857
90,3071,0,6,0.533333
100,4095,1,6,2.11778e-27
100,3007,1,6,0.819048
60,3065,0,6,2.70476
100,4095,1,6,2.11778e-27
100,4095,1,6,2.11778e-27
100,3327,1,5,7.15337e-11
90,2024,0,5,1.6
100,2108,0,3,0.0384615
100,2731,1,6,0.47619
100,2746,1,6,0.819048
100,254,0,4,0.3
100,2992,0,4,0.8
80,3754,1,6,0.533333
100,1727,0,6,0.533333
90,4095,0,6,0.342857
90,2799,0,6,0.342857
100,4095,1,6,2.11778e-27
100,4008,1,5,0.3
100,4095,1,6,2.11778e-27
90,2794,0,6,0.419048
100,1711,0,6,0.419048
90,4095,1,6,0.342857
100,107,0,4,0.2
80,2751,1,6,5.59805e-26
80,3770,0,6,0.419048
100,4008,1,5,0.3
100,2751,1,6,0.342857
100,4095,1,6,2.11778e-27
100,4090,0,6,0.419048
100,3754,1,6,0.47619
100,2734,0,6,0.704762
100,1391,0,6,0.704762
80,4026,0,6,0.342857
100,4095,0,6,2.11778e-27
100,4095,0,6,2.11778e-27
100,2751,0,6,0.342857
100,3978,1,5,0.360465
100,3744,0,4,0.3
100,3733,1,6,0.533333
100,2735,1,6,0.419048
60,3071,0,6,0.47619
100,831,1,4,9.2245e-28
100,2986,1,6,0.704762
100,2735,1,6,0.419048
100,4095,1,6,2.11778e-27
100,4095,1,6,2.11778e-27
80,1407,0,6,0.342857
70,3710,0,6,1.90476
100,4009,1,6,0.419048
100,1727,1,6,0.533333
100,3749,1,6,0.419048
100,4095,1,6,2.11778e-27
100,4095,1,6,2.11778e-27
100,3754,1,6,0.47619
100,4064,1,4,0.300002
100,2748,1,5,0.3
100,1728,0,3,3.00975e-19
100,2815,0,6,0.419048
80,1402,0,6,0.819048
80,1343,0,5,0.174419
100,2752,0,3,0.166667
100,4010,1,6,0.419048
100,3903,1,5,7.52623e-28
100,2959,0,5,0.744186
100,4010,0,6,0.419048
100,4095,1,6,2.11778e-27
70,3326,0,5,0.27027
100,4094,0,6,0.47619
100,2391,1,6,3.14286
80,171,0,4,1
60,4074,0,6,0.342857
100,2731,1,6,0.47619
70,2494,0,6,0.704762
90,4069,0,6,0.419048
100,1877,1,6,2.81905
90,4075,0,6,0.47619
90,4069,0,6,0.419048
90,4095,0,6,0.342857
100,4095,1,6,2.11778e-27
100,2920,0,5,1.9
100,2735,1,6,0.419048
100,1018,1,5,0.3
100,2731,1,6,0.47619
100,2798,1,6,1.27619
100,4095,1,6,2.11778e-27
70,366,0,5,0.4
90,4053,0,6,0.342857
100,4095,0,6,2.11778e-27
100,3749,1,6,0.419048
100,2498,0,4,1.92857
100,3912,0,4,1.88571
100,4089,0,6,1.08571
80,4035,1,4,0.107143
100,3754,1,6,0.47619
100,2751,1,6,0.342857
100,2815,1,6,0.419048
100,3754,1,6,0.47619
100,4010,1,6,0.419048
100,4009,0,6,0.419048
90,2799,1,6,0.342857
100,1002,1,5,0.3
100,4009,0,6,0.419048
100,1727,1,6,0.533333
90,2799,0,6,0.342857
80,1801,0,4,2.97059
60,91,0,4,0.2
100,4095,1,6,2.11778e-27
100,1023,1,5,6.27647e-19
100,3327,1,5,7.15337e-11
100,4094,1,6,0.47619
100,852,0,4,1.2
100,1001,1,5,0.3
100,3071,1,6,0.47619
100,4074,1,6,0.342857
100,3000,0,5,1.2
100,4095,1,6,2.11778e-27
100,3823,1,6,1.27619
100,4095,1,6,2.11778e-27
100,2959,1,5,0.744186
100,3002,1,6,1.27619
100,4090,0,6,0.419048
100,4095,1,6,2.11778e-27
100,1727,1,6,0.533333
90,2667,1,6,2.28571
100,4095,1,6,2.11778e-27
100,3754,1,6,0.47619
100,2735,1,6,0.419048
100,4095,1,6,2.11778e-27
100,2747,1,6,0.819048
90,2799,1,6,0.342857
100,2984,0,5,0.7
90,2795,0,6,0.419048
80,3722,0,5,0.267442
100,4010,1,6,0.419048
100,3242,1,5,0.27027
100,3071,0,6,0.47619
100,3835,1,6,1.33333
100,2976,0,4,0.7
70,255,0,4,0.3
80,1407,0,6,0.342857
80,3487,0,6,5.10476
80,2748,0,5,7.36981e-19
80,1391,0,6,0.419048
70,1022,0,5,6.72808e-18
90,2799,1,6,0.342857
90,2735,1,6,0.704762
90,2799,1,6,0.342857
100,2751,1,6,0.342857
100,4078,0,6,0.819048
100,2751,1,6,0.342857
100,3327,1,5,7.15337e-11
100,4095,1,6,2.11778e-27
100,4095,1,6,2.11778e-27
100,4095,1,6,2.11778e-27
100,4009,1,6,0.419048
80,2751,1,6,5.59805e-26
80,3775,0,6,0.47619
100,4078,1,6,0.819048
100,3854,1,4,0.382353
100,46,0,3,0.666667
60,2982,0,6,0.342857
100,4009,1,6,0.419048
100,831,0,4,9.2245e-28
100,255,1,4,1.62096e-27
100,1472,0,3,0.666667
100,2748,0,5,0.3
100,3749,1,6,0.419048
100,4090,1,6,0.419048
100,4010,1,6,0.419048
100,3855,1,4,2.15943e-27
100,4004,1,5,0.3
100,1452,0,5,0.3
100,4095,1,6,2.11778e-27
100,4073,1,6,0.533333
90,4064,1,4,1.47252e-30
100,3068,1,5,0.4
90,3051,0,6,0.571429
100,4095,1,6,2.11778e-27
100,1455,1,6,0.342857
100,1455,1,6,0.342857
90,4095,0,6,0.342857
100,3749,0,6,0.419048
100,4083,0,5,1.14782e-26
100,2751,0,6,0.342857
100,2815,1,6,0.419048
100,1199,1,5,0.202703
100,299,0,4,0.171429
100,2297,1,5,2.27027
100,4095,1,6,2.11778e-27
100,4095,1,6,2.11778e-27
100,4095,1,6,2.11778e-27
100,2794,1,6,0.819048
100,3003,1,6,1.37143
100,3322,0,5,0.418919
70,701,0,5,1.1
100,4095,1,6,2.11778e-27
100,3808,1,4,0.800001
90,3731,0,5,2.41892
70,1454,0,6,0.533333
70,1390,0,6,0.419048
100,3274,0,4,0.169492
100,736,0,3,0.666667
100,4009,0,6,0.419048
80,3770,0,6,0.419048
100,3754,1,6,0.47619
100,2735,0,6,0.419048
100,4095,1,6,2.11778e-27
100,4095,1,6,2.11778e-27
100,4095,1,6,2.11778e-27
100,4095,1,6,2.11778e-27
100,3054,1,6,1.48571
100,2987,1,6,1.27619
100,2735,1,6,0.419048
90,2795,1,6,0.419048
100,3071,0,6,0.47619
70,523,0,3,1.38462
100,4075,1,6,1.10476
100,3000,1,5,1.2
100,4075,1,6,1.10476
100,4092,1,5,6.51693e-26
90,4074,1,6,1.55235e-25
100,2748,1,5,0.3
100,687,1,5,0.3
80,4095,1,6,0.342857
80,3711,1,6,1.77143
80,1387,0,6,0.47619
90,3050,1,6,0.47619
60,1707,0,6,1.09918e-19
80,1407,0,6,0.342857
70,2734,0,6,0.419048
70,2446,0,5,0.27907
100,3887,1,5,0.790698
100,3050,1,6,1.10476
100,2901,1,6,1.77143
100,3832,1,5,1.1
100,3952,1,4,2.8
100,3071,1,6,0.47619
100,4005,1,6,0.342857
100,4095,1,6,2.11778e-27
90,3055,0,6,0.419048
100,234,0,4,0.3
100,1726,1,6,1.67619
100,4095,1,6,2.11778e-27
100,4094,1,6,0.47619
100,2735,1,6,0.419048
100,2738,1,5,0.756757
100,3071,1,6,0.47619
100,4095,1,6,2.11778e-27
90,2282,1,5,0.27027
100,1452,1,5,0.3
100,4009,1,6,0.419048
100,2731,1,6,0.47619
100,2798,1,6,1.27619
90,3881,0,5,0.465116
100,2815,0,6,0.419048
90,4074,0,6,1.55235e-25
100,3749,1,6,0.419048
80,4095,1,6,0.342857
100,3737,1,6,1.10476
60,3051,0,6,0.342857
100,2751,0,6,0.342857
100,3854,0,4,0.382353
100,2751,1,6,0.342857
70,3758,0,6,0.419048
100,3754,1,6,0.47619
100,1918,1,6,4.13333
80,3771,0,6,1.08571
80,347,0,5,1.6
90,3232,0,3,0.642857
100,2731,0,6,0.47619
100,4083,0,5,1.14782e-26
100,1392,0,4,1.2
100,4063,0,6,3.27619
100,3323,1,5,0.702703
60,1984,0,3,0.166667
70,3774,0,6,0.342857
60,3068,0,5,2.51704e-20
100,4078,1,6,0.819048
60,171,0,4,8.14137e-26
100,3002,0,6,1.27619
100,4010,0,6,0.419048
70,1018,0,5,0.7
80,3978,0,5,0.27907
80,4018,0,5,0.202703
80,2751,0,6,5.59805e-26
100,4095,0,6,2.11778e-27
80,2748,0,5,7.36981e-19
100,3733,0,6,0.533333
100,4094,0,6,0.47619
100,3327,0,5,7.15337e-11
100,1023,0,5,6.27647e-19
100,1451,1,6,0.419048
100,2735,1,6,0.419048
90,4074,1,6,1.55235e-25
100,4095,1,6,2.11778e-27
100,4095,1,6,2.11778e-27
100,1451,1,6,0.419048
100,2815,1,6,0.419048
80,2574,1,4,0.382353
100,599,0,5,2.8
80,3978,1,5,0.27907
90,4074,1,6,1.55235e-25
90,2794,1,6,0.419048
100,2815,1,6,0.419048
100,254,1,4,0.3
100,4031,1,6,0.819048
100,4095,1,6,2.11778e-27
100,2734,1,6,0.704762
100,4092,1,5,6.51693e-26
100,3733,1,6,0.533333
80,2751,1,6,5.59805e-26
80,2748,0,5,7.36981e-19
90,2866,0,4,1.38983
100,3754,1,6,0.47619
100,3418,1,6,3.27619
100,4095,1,6,2.11778e-27
100,3970,1,4,0.357143
100,4095,1,6,2.11778e-27
100,3753,1,6,0.571429
100,1727,1,6,0.533333
100,3733,1,6,0.533333
100,4010,0,6,0.419048
100,4095,1,6,2.11778e-27
100,4074,1,6,0.342857
100,2746,1,6,0.819048
100,4095,1,6,2.11778e-27
100,2992,0,4,0.8
100,920,0,4,1.2
100,4009,1,6,0.419048
100,4090,1,6,0.419048
80,2751,1,6,5.59805e-26
60,3046,0,6,0.704762
70,3760,0,4,0.3
100,1451,1,6,0.419048
100,4095,1,6,2.11778e-27
100,250,1,4,0.2
100,2794,1,6,0.819048
100,3237,1,5,0.202703
80,1387,0,6,0.47619
80,4031,1,6,0.419048
100,3678,0,6,3.94286
100,2735,1,6,0.419048
100,3306,1,5,0.324324
100,4092,1,5,6.51693e-26
60,2815,0,6,1.27619
60,1707,0,6,1.09918e-19
70,3839,0,6,0.419048
70,2478,0,6,0.342857
100,4073,1,6,0.533333
60,3046,0,6,0.704762
80,2751,1,6,5.59805e-26
100,4010,1,6,0.419048
100,2731,1,6,0.47619
100,3903,1,5,7.52623e-28
100,4095,1,6,2.11778e-27
80,4030,0,6,0.419048
80,2750,0,6,0.47619
60,4074,0,6,0.342857
90,2799,0,6,0.342857
100,1658,1,6,2.13333
100,683,1,5,0.4
100,2745,0,6,1.77143
100,47,0,3,0.166667
100,2731,1,6,0.47619
100,1707,0,6,0.571429
100,3003,0,6,1.37143
100,4095,1,6,2.11778e-27
80,4018,0,5,0.202703
100,2751,0,6,0.342857
80,4090,0,6,0.704762
100,2986,1,6,0.704762
60,1019,0,5,0.3
60,2984,0,5,0.3
100,1000,0,4,0.2
90,4073,1,6,0.47619
100,2748,1,5,0.3
90,4074,0,6,1.55235e-25
90,3016,0,4,0.4
60,4043,0,5,0.267442
100,4075,1,6,1.10476
100,1711,1,6,0.419048
100,171,0,4,0.3
80,4027,1,6,1.10476
100,3237,1,5,0.202703
100,1455,1,6,0.342857
90,2799,1,6,0.342857
100,4095,1,6,2.11778e-27
100,3059,1,5,0.472973
100,4095,1,6,2.11778e-27
100,4083,1,5,1.14782e-26
100,2734,1,6,0.704762
70,3774,0,6,0.342857
90,2799,1,6,0.342857
100,4095,1,6,2.11778e-27
100,2815,1,6,0.419048
100,2735,1,6,0.419048
90,2837,0,5,0.651163
100,3733,0,6,0.533333
100,4090,1,6,0.419048
100,907,0,4,1
100,2734,1,6,0.704762
80,3770,0,6,0.419048
80,2784,0,4,1.8
100,62,0,3,0.166667
100,4095,1,6,2.11778e-27
100,1022,1,5,0.4
100,1020,1,4,2.52702e-27
100,1711,1,6,0.419048
100,4064,1,4,0.300002
100,3775,1,6,1.10476
100,3754,1,6,0.47619
100,4095,1,6,2.11778e-27
100,4095,1,6,2.11778e-27
100,4031,0,6,0.819048
80,3690,0,6,1.08571
100,4088,1,5,0.4
100,63,0,3,1.34946e-25
60,2982,0,6,0.342857
90,569,0,4,2.74286
70,2623,0,5,0.27907
70,2734,0,6,0.419048
100,766,0,5,1.2
70,1390,0,6,0.419048
100,1727,1,6,0.533333
100,3733,1,6,0.533333
100,2812,1,5,0.3
100,4026,1,6,0.8
100,2751,1,6,0.342857
100,4095,1,6,2.11778e-27
100,3822,1,6,1.37143
100,2815,1,6,0.419048
70,1725,0,6,3.2
80,3754,0,6,0.533333
90,4074,0,6,1.55235e-25
80,2736,0,4,5.65418e-24
80,3775,0,6,0.47619
70,1454,0,6,0.533333
100,2751,1,6,0.342857
100,4010,1,6,0.419048
100,4095,1,6,2.11778e-27
100,3839,0,6,0.704762
100,1023,1,5,6.27647e-19
100,3003,0,6,1.37143
100,4095,1,6,2.11778e-27
100,4095,1,6,2.11778e-27
100,2747,1,6,0.819048
90,4074,0,6,1.55235e-25
90,939,0,5,1.1
90,4074,1,6,1.55235e-25
80,4077,1,6,2.28571
100,2735,0,6,0.419048
100,942,0,5,1.1
100,2751,1,6,0.342857
80,4092,0,5,0.3
100,4095,1,6,2.11778e-27
100,2478,1,6,1.48571
100,4095,1,6,2.11778e-27
100,3071,1,6,0.47619
80,1391,1,6,0.419048
100,3753,1,6,0.571429
80,2751,0,6,5.59805e-26
80,3686,0,6,1.67619
80,702,0,5,0.4
100,3067,1,6,1.27619
100,3754,0,6,0.47619
100,4082,1,5,0.27027
100,2735,0,6,0.419048
100,4095,1,6,2.11778e-27
100,1455,0,6,0.342857
100,1451,1,6,0.419048
100,4095,1,6,2.11778e-27
100,4095,1,6,2.11778e-27
100,4011,1,6,1.37143
100,1407,0,6,1.37143
100,4094,1,6,0.47619
100,2815,1,6,0.419048
100,4090,1,6,0.419048
100,3003,0,6,1.37143
100,3071,1,6,0.47619
100,4095,1,6,2.11778e-27
100,2811,1,6,1.14286
100,3722,1,5,0.465116
100,2715,1,6,1.77143
60,3068,0,5,2.51704e-20
100,932,0,4,0.2
70,2222,0,5,0.202703
90,3071,1,6,0.533333
80,4031,0,6,0.419048
100,3839,1,6,0.704762
80,3983,0,5,0.360465
80,1471,0,6,0.419048
100,4092,0,5,6.51693e-26
100,1727,0,6,0.533333
100,1708,1,5,0.4
100,4074,0,6,0.342857
100,1643,0,6,1.10476
100,2815,1,6,0.419048
100,4010,0,6,0.419048
90,3989,0,6,0.419048
100,3749,1,6,0.419048
100,2815,1,6,0.419048
100,4095,1,6,2.11778e-27
100,2748,1,5,0.3
100,2047,1,6,1.90476
100,4047,1,5,3.7216e-27
100,2986,1,6,0.704762
100,2734,1,6,0.704762
100,1387,1,6,0.533333
100,4009,1,6,0.419048
100,4095,0,6,2.11778e-27
100,4095,1,6,2.11778e-27
100,4095,1,6,2.11778e-27
100,4095,1,6,2.11778e-27
100,4095,1,6,2.11778e-27
100,4095,1,6,2.11778e-27
100,1327,1,5,0.27907
90,2799,1,6,0.342857
100,2751,1,6,0.342857
100,4083,1,5,1.14782e-26
100,2803,1,5,0.418919
100,3002,1,6,1.27619
100,1962,1,6,1.94286
100,107,0,4,0.2
90,4071,1,6,1.94286
80,1407,1,6,0.342857
80,1087,1,4,0.107143
70,2492,0,5,0.4
100,4094,0,6,0.47619
100,2751,1,6,0.342857
90,3033,0,6,1.48571
90,4074,0,6,1.55235e-25
100,1711,1,6,0.419048
90,3753,0,6,1.48571
100,2623,1,5,0.174419
90,913,0,4,0.4
100,2734,1,6,0.704762
90,2799,1,6,0.342857
100,4091,1,6,0.704762
80,1712,0,4,0.3
100,4095,1,6,2.11778e-27
100,3839,1,6,0.704762
100,2751,1,6,0.342857
100,250,1,4,0.2
80,4031,0,6,0.419048
90,4074,0,6,1.55235e-25
90,4069,0,6,0.419048
100,4010,0,6,0.419048
100,4095,0,6,2.11778e-27
100,4094,0,6,0.47619
100,3326,0,5,0.472973
100,2751,0,6,0.342857
100,3750,0,6,1.08571
100,2735,0,6,0.419048
80,372,0,4,1.8
100,2815,1,6,0.419048
100,4095,1,6,2.11778e-27
100,4095,1,6,2.11778e-27
80,3770,1,6,0.419048
90,58,0,3,0.166667
100,1451,1,6,0.419048
100,1455,1,6,0.342857
70,2478,0,6,0.342857
80,447,0,5,0.4
100,4009,1,6,0.419048
80,4031,0,6,0.419048
100,1451,1,6,0.419048
100,4095,0,6,2.11778e-27
100,4095,1,6,2.11778e-27
100,4095,1,6,2.11778e-27
100,687,0,5,0.3
100,4031,1,6,0.819048
100,4095,1,6,2.11778e-27
100,3237,0,5,0.202703
100,4095,0,6,2.11778e-27
100,4090,1,6,0.419048
100,683,0,5,0.4
100,1707,1,6,0.571429
100,3758,1,6,1.27619
100,4095,1,6,2.11778e-27
90,3655,0,5,4.60465
100,3664,0,4,0.3
100,2986,1,6,0.704762
100,4095,1,6,2.11778e-27
100,2751,1,6,0.342857
100,3237,1,5,0.202703
100,250,0,4,0.2
100,2607,1,5,0.360465
100,4095,1,6,2.11778e-27
100,2876,0,4,0.35
100,4095,1,6,2.11778e-27
90,4079,1,6,0.419048
100,1051,1,4,0.964286
100,1419,1,5,0.418605
100,4095,1,6,2.11778e-27
100,4095,1,6,2.11778e-27
100,955,0,5,1.2
100,4010,1,6,0.419048
100,1707,1,6,0.571429
100,3754,1,6,0.47619
70,1017,0,5,0.3
80,703,0,5,3.28996e-18
90,2795,0,6,0.419048
80,3327,0,5,0.324324
80,4026,0,6,0.342857
80,2750,0,6,0.47619
100,1215,0,5,0.432432
80,2736,1,4,5.65418e-24
70,953,0,5,0.8
70,1017,0,5,0.3
60,4074,0,6,0.342857
90,4075,0,6,0.47619
100,2815,1,6,0.419048
100,4095,1,6,2.11778e-27
100,1753,1,6,3.27619
80,1215,0,5,0.27027
60,1707,0,6,1.09918e-19
60,1708,0,5,0.4
100,4009,1,6,0.419048
80,2672,1,4,0.7
100,2987,1,6,1.27619
100,4095,1,6,2.11778e-27
100,4074,1,6,0.342857
100,2731,1,6,0.47619
90,3497,0,6,3.27619
100,226,0,3,0.285714
100,956,0,4,0.7
80,2983,0,6,3.90476
80,4031,0,6,0.419048
90,2792,1,5,0.3
100,4095,0,6,2.11778e-27
100,4010,1,6,0.419048
100,4009,1,6,0.419048
100,3754,0,6,0.47619
90,4095,1,6,0.342857
100,4091,1,6,0.704762
100,4010,0,6,0.419048
100,4095,1,6,2.11778e-27
100,2731,0,6,0.47619
80,1404,0,5,0.3
80,2751,0,6,5.59805e-26
100,4083,0,5,1.14782e-26
100,1455,0,6,0.342857
100,3748,1,5,0.4
100,4032,0,3,8.93352e-27
100,1707,1,6,0.571429
100,4010,0,6,0.419048
100,4095,0,6,2.11778e-27
100,4095,1,6,2.11778e-27
100,4095,1,6,2.11778e-27
100,4074,0,6,0.342857
100,1396,0,5,2.8
100,4027,0,6,1.27619
100,4095,1,6,2.11778e-27
100,2751,1,6,0.342857
100,4095,1,6,2.11778e-27
90,2763,1,5,0.418605
100,4091,1,6,0.704762
100,3594,1,4,0.382353
100,4095,1,6,2.11778e-27
100,4095,1,6,2.11778e-27
100,2856,1,4,0.65
100,3887,1,5,0.790698
100,4046,0,5,0.406977
100,4047,0,5,3.7216e-27
100,2619,1,5,0.744186
100,3068,0,5,0.4
100,4094,1,6,0.47619
100,4095,1,6,2.11778e-27
100,4095,1,6,2.11778e-27
100,3754,0,6,0.47619
100,4079,1,6,0.819048
100,4031,1,6,0.819048
100,3002,1,6,1.27619
100,4095,1,6,2.11778e-27
60,171,0,4,8.14137e-26
80,3770,1,6,0.419048
80,4030,1,6,0.419048
90,4053,0,6,0.342857
100,3754,1,6,0.47619
100,4095,1,6,2.11778e-27
100,3071,1,6,0.47619
100,4091,1,6,0.704762
100,2746,1,6,0.819048
100,2735,1,6,0.419048
70,2479,0,6,0.533333
80,3770,1,6,0.419048
100,3071,1,6,0.47619
80,703,0,5,3.28996e-18
100,1466,1,6,1.67619
100,4094,1,6,0.47619
100,4095,1,6,2.11778e-27
100,1387,1,6,0.533333
100,4095,1,6,2.11778e-27
100,3327,1,5,7.15337e-11
100,2747,1,6,0.819048
100,4095,1,6,2.11778e-27
100,2747,1,6,0.819048
100,4095,1,6,2.11778e-27
100,4089,0,6,1.08571
100,1374,0,6,1.77143
80,2591,0,5,3.16279
100,4095,1,6,2.11778e-27
100,3055,1,6,1.10476
100,4095,1,6,2.11778e-27
100,4026,1,6,0.8
100,4095,1,6,2.11778e-27
100,2495,1,6,1.27619
70,1454,0,6,0.533333
90,2762,1,5,0.360465
70,2749,0,6,1.67619
100,1367,1,6,1.90476
100,4026,1,6,0.8
100,2735,1,6,0.419048
100,4095,1,6,2.11778e-27
100,4079,0,6,0.819048
60,930,0,4,0.171429
80,4026,1,6,0.342857
90,4091,1,6,0.819048
100,46,0,3,0.666667
100,4088,1,5,0.4
100,4094,1,6,0.47619
80,4026,1,6,0.342857
100,4082,1,5,0.27027
80,3754,1,6,0.533333
100,2736,0,4,0.3
100,3724,0,4,0.971429
100,4090,0,6,0.419048
100,46,0,3,0.666667
60,1787,0,6,1.33333
100,1022,1,5,0.4
100,4095,1,6,2.11778e-27
100,4095,1,6,2.11778e-27
100,781,0,3,1.38462
100,3839,1,6,0.704762
100,3818,1,6,0.819048
100,4011,1,6,1.37143
100,2986,1,6,0.704762
100,4095,1,6,2.11778e-27
100,2428,0,5,2.4
100,4010,0,6,0.419048
100,4095,1,6,2.11778e-27
100,4046,1,5,0.406977
100,1451,1,6,0.419048
60,2982,0,6,0.342857
90,234,1,4,1.20161e-26
90,3055,0,6,0.419048
100,4095,1,6,2.11778e-27
100,4091,0,6,0.704762
80,2748,0,5,7.36981e-19
100,4031,0,6,0.819048
100,2723,1,5,0.27027
90,234,0,4,1.20161e-26
70,1454,0,6,0.533333
70,2495,0,6,0.419048
100,2391,0,6,3.14286
90,4074,1,6,1.55235e-25
100,1451,0,6,0.419048
60,2731,0,6,0.47619
60,1707,0,6,1.09918e-19
80,1390,0,6,0.704762
100,1455,0,6,0.342857
100,4095,1,6,2.11778e-27
100,3135,0,4,2.63093e-19
90,2735,0,6,0.704762
80,3774,1,6,0.571429
100,4074,1,6,0.342857
80,1727,1,6,0.47619
100,4074,1,6,0.342857
60,1936,0,4,1.2
80,2746,1,6,0.419048
100,2731,1,6,0.47619
100,4074,1,6,0.342857
100,4010,1,6,0.419048
90,4074,0,6,1.55235e-25
70,1021,0,5,0.4
100,1707,0,6,0.571429
80,2751,1,6,5.59805e-26
70,2495,0,6,0.419048
80,4095,0,6,0.342857
80,2736,1,4,5.65418e-24
90,4074,0,6,1.55235e-25
100,2751,1,6,0.342857
60,2731,0,6,0.47619
60,3990,0,6,1.08571
100,4095,1,6,2.11778e-27
100,2731,1,6,0.47619
60,3675,0,6,4.57143
90,2735,1,6,0.704762
80,4026,1,6,0.342857
60,2028,0,5,1.1
100,4075,1,6,1.10476
100,4046,1,5,0.406977
100,2111,1,4,0.107143
100,4095,1,6,2.11778e-27
100,4095,1,6,2.11778e-27
100,4095,1,6,2.11778e-27
100,2731,1,6,0.47619
90,1000,0,4,9.46962e-27
100,1707,1,6,0.571429
100,4074,1,6,0.342857
100,1455,1,6,0.342857
100,4095,1,6,2.11778e-27
100,4095,1,6,2.11778e-27
100,4094,0,6,0.47619
100,2559,1,6,1.77143
100,3717,1,5,0.267442
100,4095,1,6,2.11778e-27
100,4094,1,6,0.47619
100,4095,1,6,2.11778e-27
100,4095,1,6,2.11778e-27
100,3902,1,5,0.465116
100,4095,1,6,2.11778e-27
100,3903,1,5,7.52623e-28
100,2879,1,5,0.406977
100,2815,1,6,0.419048
90,4091,0,6,0.819048
90,4075,0,6,0.47619
100,4095,0,6,2.11778e-27
100,1708,0,5,0.4
80,4090,0,6,0.704762
100,3071,0,6,0.47619
100,4095,0,6,2.11778e-27
100,3242,0,5,0.27027
90,2794,1,6,0.419048
100,2735,0,6,0.419048
90,4095,1,6,0.342857
90,2282,1,5,0.27027
100,2223,1,5,0.418919
100,2735,0,6,0.419048
100,2815,1,6,0.419048
100,4092,1,5,6.51693e-26
100,1994,0,5,2.77907
90,3071,1,6,0.533333
100,3749,1,6,0.419048
90,3055,0,6,0.419048
90,2723,0,5,0.432432
100,2303,1,5,0.27027
100,4095,0,6,2.11778e-27
100,2746,1,6,0.819048
100,4095,1,6,2.11778e-27
100,4095,0,6,2.11778e-27
100,4095,1,6,2.11778e-27
100,4095,1,6,2.11778e-27
70,2748,0,5,0.3
70,2750,0,6,0.533333
100,1984,0,3,0.666667
100,2964,0,5,1.2
100,4090,1,6,0.419048
100,1451,1,6,0.419048
90,4074,0,6,1.55235e-25
90,4072,0,5,1.04613e-24
70,3233,0,4,7.98958e-22
90,4005,0,6,0.8
100,4095,1,6,2.11778e-27
100,4095,1,6,2.11778e-27
70,864,0,3,1.5
100,3771,1,6,1.48571
100,2986,1,6,0.704762
100,4027,0,6,1.27619
100,4095,1,6,2.11778e-27
100,2917,1,6,1.90476
100,4095,1,6,2.11778e-27
70,2734,0,6,0.419048
80,1941,0,6,4.34286
100,4074,1,6,0.342857
100,4095,1,6,2.11778e-27
60,2967,0,6,1.94286
70,270,1,3,0.153846
70,2751,1,6,0.342857
100,4095,1,6,2.11778e-27
90,4074,1,6,1.55235e-25
60,1708,0,5,0.4
100,4074,0,6,0.342857
100,1215,1,5,0.432432
100,4025,0,6,1.27619
100,3749,1,6,0.419048
100,2731,1,6,0.47619
100,4090,1,6,0.419048
100,4010,1,6,0.419048
100,4095,1,6,2.11778e-27
100,1023,1,5,6.27647e-19
100,2731,1,6,0.47619
100,1387,1,6,0.533333
100,4095,1,6,2.11778e-27
100,3755,0,6,1.33333
70,2751,0,6,0.342857
80,3774,1,6,0.571429
100,4090,1,6,0.419048
100,2815,1,6,0.419048
100,2747,1,6,0.819048
100,4074,1,6,0.342857
100,3007,1,6,0.819048
100,4010,0,6,0.419048
100,2734,1,6,0.704762
100,335,1,4,0.4
100,4074,1,6,0.342857
100,4095,1,6,2.11778e-27
100,4008,1,5,0.3
100,4095,1,6,2.11778e-27
100,4095,1,6,2.11778e-27
100,4009,1,6,0.419048
70,2751,0,6,0.342857
100,3071,1,6,0.47619
60,2987,0,6,0.419048
100,3754,1,6,0.47619
100,2731,0,6,0.47619
100,3903,1,5,7.52623e-28
100,3759,1,6,1.37143
100,4095,1,6,2.11778e-27
70,2751,0,6,0.342857
100,3948,0,5,3.1
90,4076,1,5,0.4
100,4074,1,6,0.342857
100,3880,1,4,0.1
100,1727,1,6,0.533333
100,191,0,4,0.3
80,2311,1,4,2.61765
80,3770,1,6,0.419048
100,4068,1,5,0.7
60,4091,0,6,0.419048
100,3733,1,6,0.533333
100,4074,1,6,0.342857
100,1451,1,6,0.419048
100,3818,1,6,0.819048
100,4095,1,6,2.11778e-27
100,3754,1,6,0.47619
100,2731,1,6,0.47619
80,4095,1,6,0.342857
100,4074,1,6,0.342857
100,2735,1,6,0.419048
100,4092,1,5,6.51693e-26
100,4094,1,6,0.47619
100,4082,1,5,0.27027
100,3754,1,6,0.47619
100,3771,1,6,1.48571
100,4092,1,5,6.51693e-26
100,3903,1,5,7.52623e-28
90,4095,0,6,0.342857
100,954,1,5,0.8
100,4092,1,5,6.51693e-26
100,2751,0,6,0.342857
70,1017,0,5,0.3
70,3646,0,5,0.174419
80,3606,0,5,2.5
80,167,0,4,2.7
90,2872,0,4,1.1
80,3754,0,6,0.533333
100,2298,0,5,1.17568
100,1387,0,6,0.533333
90,2607,0,5,0.27907
90,4074,0,6,1.55235e-25
100,4073,0,6,0.533333
100,4069,0,6,0.704762
100,4090,0,6,0.419048
100,3071,0,6,0.47619
100,3754,0,6,0.47619
90,3728,0,4,0.3
70,3753,0,6,1.09918e-19
100,3868,0,4,2.6
100,939,1,5,1.2
100,3745,0,5,0.310811
80,4030,1,6,0.419048
100,3023,1,5,0.465116
100,4083,1,5,1.14782e-26
100,3854,1,4,0.382353
60,4042,0,5,0.27907
80,1323,0,5,0.465116
70,3839,0,6,0.419048
80,4031,1,6,0.419048
80,447,0,5,0.4
100,3241,1,5,0.310811
80,3751,1,6,3.27619
100,4004,1,5,0.3
80,4090,1,6,0.704762
100,4066,1,5,0.324324
60,2982,0,6,0.342857
100,4074,1,6,0.342857
100,1095,1,4,1.62712
90,4074,0,6,1.55235e-25
80,2736,0,4,5.65418e-24
100,4030,1,6,1.10476
100,2794,1,6,0.819048
100,4095,1,6,2.11778e-27
100,4073,0,6,0.533333
70,3775,0,6,0.533333
100,4092,1,5,6.51693e-26
100,4016,0,4,0.7
100,3327,1,5,7.15337e-11
100,2751,0,6,0.342857
100,1707,1,6,0.571429
100,4010,1,6,0.419048
100,3003,1,6,1.37143
100,4095,1,6,2.11778e-27
100,2815,1,6,0.419048
100,4095,1,6,2.11778e-27
100,4095,1,6,2.11778e-27
100,2948,0,4,0.971429
100,4095,1,6,2.11778e-27
100,4075,0,6,1.10476
100,2239,1,5,0.324324
